-- phpMyAdmin SQL Dump
-- version 4.8.4
-- https://www.phpmyadmin.net/
--
-- Host: 127.0.0.1
-- Generation Time: Apr 11, 2020 at 04:00 AM
-- Server version: 10.1.37-MariaDB
-- PHP Version: 5.6.40

SET SQL_MODE = "NO_AUTO_VALUE_ON_ZERO";
SET AUTOCOMMIT = 0;
START TRANSACTION;
SET time_zone = "+00:00";


/*!40101 SET @OLD_CHARACTER_SET_CLIENT=@@CHARACTER_SET_CLIENT */;
/*!40101 SET @OLD_CHARACTER_SET_RESULTS=@@CHARACTER_SET_RESULTS */;
/*!40101 SET @OLD_COLLATION_CONNECTION=@@COLLATION_CONNECTION */;
/*!40101 SET NAMES utf8mb4 */;

--
-- Database: `db_toko`
--

-- --------------------------------------------------------

--
-- Table structure for table `tbl_detail_order`
--

CREATE TABLE `tbl_detail_order` (
  `id` int(10) UNSIGNED NOT NULL,
  `order_id` int(10) DEFAULT NULL,
  `produk` int(10) DEFAULT NULL,
  `qty` int(10) DEFAULT NULL,
  `harga` varchar(20) DEFAULT NULL
) ENGINE=InnoDB DEFAULT CHARSET=latin1;

--
-- Dumping data for table `tbl_detail_order`
--

INSERT INTO `tbl_detail_order` (`id`, `order_id`, `produk`, `qty`, `harga`) VALUES
(1, 1, 1, 2, '35000');

-- --------------------------------------------------------

--
-- Table structure for table `tbl_kategori`
--

CREATE TABLE `tbl_kategori` (
  `id` int(10) UNSIGNED NOT NULL,
  `nama_kategori` varchar(30) DEFAULT NULL
) ENGINE=InnoDB DEFAULT CHARSET=latin1;

--
-- Dumping data for table `tbl_kategori`
--

INSERT INTO `tbl_kategori` (`id`, `nama_kategori`) VALUES
(1, 'Pestisida'),
(2, 'Pupuk'),
(3, 'Alat Pertanian');

-- --------------------------------------------------------

--
-- Table structure for table `tbl_order`
--

CREATE TABLE `tbl_order` (
  `id` int(10) NOT NULL,
  `tanggal` date DEFAULT NULL,
  `pelanggan` int(10) DEFAULT NULL
) ENGINE=InnoDB DEFAULT CHARSET=latin1;

--
-- Dumping data for table `tbl_order`
--

INSERT INTO `tbl_order` (`id`, `tanggal`, `pelanggan`) VALUES
(1, '2020-04-11', 1),
(2, '2020-04-11', 2);

-- --------------------------------------------------------

--
-- Table structure for table `tbl_pelanggan`
--

CREATE TABLE `tbl_pelanggan` (
  `id` int(10) UNSIGNED NOT NULL,
  `nama` varchar(50) DEFAULT NULL,
  `email` varchar(50) DEFAULT NULL,
  `alamat` varchar(50) DEFAULT NULL,
  `telp` varchar(20) DEFAULT NULL
) ENGINE=InnoDB DEFAULT CHARSET=latin1;

--
-- Dumping data for table `tbl_pelanggan`
--

INSERT INTO `tbl_pelanggan` (`id`, `nama`, `email`, `alamat`, `telp`) VALUES
(1, 'Priyo Sigit Pamungkas', 'xiaogit@gmail.com', 'mangir', '082147907791'),
(2, 'Priyo Sigit Pamungkas', 'xiaogit@gmail.com', 'mangir', '082147907791');

-- --------------------------------------------------------

--
-- Table structure for table `tbl_produk`
--

CREATE TABLE `tbl_produk` (
  `id_produk` int(10) UNSIGNED NOT NULL,
  `nama_produk` varchar(50) DEFAULT NULL,
  `deskripsi` varchar(50) DEFAULT NULL,
  `harga` varchar(10) DEFAULT NULL,
  `gambar` varchar(50) DEFAULT NULL,
  `kategori` int(10) DEFAULT NULL
) ENGINE=InnoDB DEFAULT CHARSET=latin1;

--
-- Dumping data for table `tbl_produk`
--

INSERT INTO `tbl_produk` (`id_produk`, `nama_produk`, `deskripsi`, `harga`, `gambar`, `kategori`) VALUES
(1, 'Kejora', 'Pestisida merk kejora ampuh dalam membasmi hama.', '35000', 'kejora.jpg', 1),
(2, 'Valera', 'Insektisida merk valera hasil panen terjaga.', '32500', 'valera.jpg', 1),
(3, 'Kresban', 'Insektisida merk kresban aman bagi tanah.', '45000', 'kresban.jpg', 1),
(4, 'Petroganik Pupuk Organik', 'Petroganik pupuk penyubur dan aman bagi tanah.', '350000', 'petroganik.jpg', 2),
(5, 'Phonska Pupuk NPK', 'Pupuk phonska plus membuat hasil panen masksimal.', '430000', 'phonska.jpg', 2),
(6, 'petrocas', 'Pupuk petro-cas pilihan para petani Indonesia.', '1100000', 'petrocas.jpg', 2),
(7, 'Swan Alat Semprot', 'Semprotan manual merk swan ringan dan awet.', '350000', 'swan.jpg', 3),
(8, 'Cangkul Cap Jago', 'Cangkul Cap Jago sahabat petani Indonesia.', '75000', 'cangkuljago.jpg', 3),
(9, 'Caping Anhyam', 'Caping melindungi anda dari panasnya matahari', '20000', 'caping.jpg', 3);

--
-- Indexes for dumped tables
--

--
-- Indexes for table `tbl_detail_order`
--
ALTER TABLE `tbl_detail_order`
  ADD PRIMARY KEY (`id`);

--
-- Indexes for table `tbl_kategori`
--
ALTER TABLE `tbl_kategori`
  ADD PRIMARY KEY (`id`);

--
-- Indexes for table `tbl_order`
--
ALTER TABLE `tbl_order`
  ADD PRIMARY KEY (`id`);

--
-- Indexes for table `tbl_pelanggan`
--
ALTER TABLE `tbl_pelanggan`
  ADD PRIMARY KEY (`id`);

--
-- Indexes for table `tbl_produk`
--
ALTER TABLE `tbl_produk`
  ADD PRIMARY KEY (`id_produk`);

--
-- AUTO_INCREMENT for dumped tables
--

--
-- AUTO_INCREMENT for table `tbl_detail_order`
--
ALTER TABLE `tbl_detail_order`
  MODIFY `id` int(10) UNSIGNED NOT NULL AUTO_INCREMENT, AUTO_INCREMENT=2;

--
-- AUTO_INCREMENT for table `tbl_kategori`
--
ALTER TABLE `tbl_kategori`
  MODIFY `id` int(10) UNSIGNED NOT NULL AUTO_INCREMENT, AUTO_INCREMENT=4;

--
-- AUTO_INCREMENT for table `tbl_order`
--
ALTER TABLE `tbl_order`
  MODIFY `id` int(10) NOT NULL AUTO_INCREMENT, AUTO_INCREMENT=3;

--
-- AUTO_INCREMENT for table `tbl_pelanggan`
--
ALTER TABLE `tbl_pelanggan`
  MODIFY `id` int(10) UNSIGNED NOT NULL AUTO_INCREMENT, AUTO_INCREMENT=3;

--
-- AUTO_INCREMENT for table `tbl_produk`
--
ALTER TABLE `tbl_produk`
  MODIFY `id_produk` int(10) UNSIGNED NOT NULL AUTO_INCREMENT, AUTO_INCREMENT=10;
COMMIT;

/*!40101 SET CHARACTER_SET_CLIENT=@OLD_CHARACTER_SET_CLIENT */;
/*!40101 SET CHARACTER_SET_RESULTS=@OLD_CHARACTER_SET_RESULTS */;
/*!40101 SET COLLATION_CONNECTION=@OLD_COLLATION_CONNECTION */;
